Age,Gender,Tenure,Balance,NumOfProducts,HasCrCard,IsActiveMember,EstimatedSalary,Exited
56.0,Male,0,150871.92,3,1,0,91690.5,0
69.0,Male,1,169116.98,2,0,1,21226.65,0
46.0,Male,7,201247.25,2,0,1,114213.29,1
32.0,Female,2,67455.18,3,1,1,185872.41,1
60.0,Male,9,,2,0,0,166173.97,0
25.0,Male,2,124563.92,3,1,1,168538.05,1
38.0,Male,7,19264.57,2,0,1,163110.44,1
56.0,Female,7,14637.73,1,1,0,78271.55,1
36.0,Female,1,83559.58,1,1,0,157734.89,0
40.0,Male,7,196224.24,3,1,1,45769.04,1
28.0,Male,0,176920.23,2,0,1,138388.91,0
28.0,Male,5,197153.74,2,1,1,135482.34,0
41.0,Male,7,,1,0,1,24602.56,1
53.0,Female,2,110049.75,1,1,0,161834.62,0
57.0,Female,7,36863.13,3,0,1,182584.66,1
41.0,Female,0,82048.19,1,0,0,68134.75,0
20.0,Female,8,,3,1,0,166230.33,0
39.0,Male,8,22150.11,1,1,1,34833.07,1
19.0,Male,4,55152.99,1,1,1,127994.21,0
41.0,Male,9,149556.32,2,1,0,107416.44,0
61.0,Female,3,183915.78,1,1,0,118266.24,0
47.0,Male,5,249586.88,1,0,1,186716.94,1
55.0,Female,6,233278.33,3,1,0,176836.74,1
19.0,Female,4,160641.3,1,1,1,161315.06,0
38.0,Male,9,105312.01,3,0,1,69265.72,0
50.0,Male,8,159044.34,1,1,0,184127.35,0
29.0,Male,2,196412.9,1,1,0,37551.38,1
39.0,Female,6,29584.05,3,0,1,173599.26,1
61.0,Male,9,102476.22,2,1,0,79068.81,0
42.0,Female,9,209950.57,3,1,1,29679.02,1
66.0,Male,4,95958.24,3,1,1,140484.26,1
44.0,Female,6,142968.07,3,0,1,61630.39,1
59.0,Female,1,146942.34,2,1,0,63842.8,1
,Male,3,46119.06,1,0,1,75088.49,0
33.0,Female,1,90558.86,3,1,1,31463.26,1
32.0,Female,6,83627.82,3,0,1,51882.89,1
64.0,Male,1,6549.18,2,1,1,20925.13,0
68.0,Female,0,6047.94,3,0,1,100173.71,0
61.0,Male,8,207924.26,1,0,1,35165.97,1
,Female,0,68267.7,2,0,1,142877.47,1
20.0,Male,7,129519.69,1,0,1,62412.11,0
54.0,Male,1,74681.39,1,0,1,189843.35,0
68.0,Female,7,235169.81,2,0,1,176825.29,0
24.0,Female,2,64824.19,3,1,1,72099.36,1
38.0,Female,5,107414.2,1,1,0,160978.78,1
26.0,Female,2,218182.56,1,0,1,164584.08,0
56.0,Female,6,210483.39,1,0,1,197581.36,1
35.0,Male,9,46525.35,1,0,1,127611.2,0
21.0,Female,8,200660.83,2,0,0,34753.83,1
42.0,Male,1,114546.72,2,1,1,136430.7,0
31.0,Male,4,120742.22,1,0,0,132496.35,0
67.0,Female,5,33369.99,3,1,1,134903.1,1
26.0,Male,3,20150.38,1,1,1,75286.22,1
43.0,Male,3,181984.83,3,0,0,174742.33,1
19.0,Male,3,124115.29,1,0,1,192704.99,1
37.0,Male,1,109212.68,3,1,0,59188.25,1
45.0,Female,3,182377.06,1,1,0,35867.39,1
64.0,Male,0,191378.22,3,0,1,55016.31,0
24.0,Female,5,39727.04,1,0,1,167699.39,1
61.0,Female,0,152556.29,1,0,1,141796.03,0
25.0,Male,9,33838.52,3,1,1,134488.52,0
64.0,Female,5,187843.77,2,1,0,92322.76,1
52.0,Female,0,164238.79,3,0,0,124009.03,0
31.0,Female,5,239153.66,2,1,1,75417.34,0
34.0,Male,9,17239.5,1,1,0,105896.01,1
53.0,Female,7,14263.68,3,0,0,162751.35,1
67.0,Female,1,70546.77,3,0,1,196623.49,1
57.0,Female,1,65426.42,3,1,0,187848.01,0
21.0,Male,3,61744.7,2,1,0,188095.87,1
19.0,Female,2,226563.65,2,0,1,92400.27,1
23.0,Male,3,62386.55,1,0,0,104382.18,1
59.0,Male,6,67987.43,2,0,1,147014.37,1
21.0,Male,0,189849.57,2,0,0,185994.55,0
46.0,Male,5,112434.96,1,0,1,45558.97,1
35.0,Male,2,194177.64,3,1,0,74763.54,0
43.0,Male,9,16341.54,3,1,0,45064.43,1
61.0,Female,6,121892.8,1,1,1,130161.54,0
51.0,Male,9,8403.4,3,1,1,75134.18,0
27.0,Female,1,15663.3,2,0,1,78699.41,0
53.0,Female,1,226609.36,1,0,1,32764.87,1
31.0,Male,3,34811.34,1,0,0,82963.29,0
48.0,Female,0,133105.17,1,1,0,175249.37,1
65.0,Female,2,102773.9,3,1,0,61953.11,1
32.0,Female,8,86835.83,1,1,1,145133.74,1
25.0,Female,6,224958.34,1,0,0,133333.1,1
31.0,Male,6,5455.85,1,1,0,175427.23,1
40.0,Female,3,165947.42,3,0,1,43811.83,0
57.0,Male,1,240848.61,2,0,1,195966.19,1
38.0,Female,3,140042.05,1,0,0,124873.16,0
33.0,Female,5,234205.62,2,0,1,199185.35,0
62.0,Male,2,13064.47,3,0,0,184072.65,0
35.0,Female,0,104698.33,3,0,0,59873.11,0
64.0,Female,7,65039.45,3,1,1,30109.16,0
41.0,Female,4,182705.24,3,0,0,66015.04,0
43.0,Male,4,245324.27,2,0,1,114961.46,0
42.0,Female,3,64132.52,1,1,1,50887.35,1
62.0,Male,5,163543.65,3,0,0,50142.75,0
,Female,2,,3,1,0,103266.84,1
46.0,Male,8,141332.56,2,1,0,25988.23,0
32.0,Male,4,115983.12,2,1,1,41939.85,0
62.0,Female,2,243001.33,3,0,0,94855.04,0
18.0,Female,0,152131.82,1,0,1,31363.38,0
42.0,Male,9,87376.59,1,1,1,91415.91,1
24.0,Male,5,28523.95,3,0,0,105321.13,1
26.0,Female,1,37811.71,2,0,1,101227.99,1
41.0,Male,2,56329.23,3,1,0,176451.47,0
18.0,Female,0,,3,1,0,115411.24,0
61.0,Female,8,212654.01,2,0,0,104236.48,0
25.0,Female,7,140305.7,3,1,0,93927.66,1
41.0,Female,1,130847.73,3,1,0,167172.21,0
28.0,Male,7,28692.22,3,1,0,181110.19,1
68.0,Female,8,215034.92,2,0,0,173583.64,1
34.0,Male,0,180703.58,1,0,1,141238.38,0
25.0,Female,4,16917.09,1,0,0,44725.11,0
52.0,Male,7,176958.77,2,1,1,69836.59,1
52.0,Female,1,135884.55,1,0,1,28291.35,1
50.0,Male,3,20431.34,3,1,1,187548.33,1
22.0,Male,6,114575.16,1,0,0,138943.74,0
59.0,Female,2,121174.07,3,0,1,154345.32,0
56.0,Female,4,41443.64,1,1,1,76082.91,0
58.0,Female,7,236424.54,2,0,0,172217.63,0
45.0,Female,9,212493.84,1,1,0,66728.59,0
24.0,Male,2,167255.58,1,0,1,20295.88,0
26.0,Female,3,115573.89,1,0,0,87754.69,1
25.0,Male,8,102941.39,2,1,0,122737.07,1
29.0,Male,6,162743.37,1,1,0,106166.87,1
51.0,Female,0,136357.97,2,1,0,175173.71,0
50.0,Male,3,15568.28,3,0,1,38972.95,1
65.0,Male,3,128125.66,1,0,0,119688.22,0
40.0,Male,8,201600.9,2,0,0,112336.28,0
41.0,Male,5,114809.97,2,1,0,70650.74,1
54.0,Female,8,12989.14,1,1,1,168001.06,0
52.0,Female,5,196569.55,3,1,1,155512.76,1
61.0,Female,5,50340.95,2,0,0,151914.65,1
57.0,Female,4,64655.21,1,0,0,177714.65,0
39.0,Male,4,41176.59,3,1,1,150101.23,1
44.0,Male,1,82553.77,2,0,0,61731.43,1
52.0,Female,7,189187.88,2,1,0,147001.29,1
18.0,Female,7,129846.46,3,0,1,75386.51,1
52.0,Female,0,51220.32,3,0,0,63591.44,0
54.0,Male,7,219457.52,1,1,0,33140.65,1
64.0,Female,4,219895.46,1,0,1,153925.14,1
31.0,Female,1,217644.61,2,0,1,147980.17,1
20.0,Female,1,59699.05,3,1,0,62209.91,0
18.0,Male,5,112809.84,3,1,1,154888.22,1
22.0,Male,8,246247.41,3,0,0,185211.36,0
43.0,Male,0,193003.12,2,1,0,39445.21,1
31.0,Male,5,6791.86,3,0,0,61874.59,1
56.0,Male,8,16301.15,3,1,1,155046.94,1
44.0,Male,7,115982.84,2,0,1,69411.2,0
26.0,Male,5,227305.05,1,0,0,132439.52,0
32.0,Male,2,134675.45,1,1,0,34609.56,0
32.0,Female,7,124453.13,2,0,1,101396.45,0
43.0,Female,8,26368.42,3,0,1,153036.46,0
59.0,Male,0,164195.03,2,1,1,143572.51,0
30.0,Male,8,205525.79,1,1,0,166712.98,1
68.0,Female,5,95105.0,1,0,1,177941.38,0
49.0,Male,5,193902.96,2,1,1,159173.03,1
56.0,Male,3,241119.16,2,1,0,140885.79,0
66.0,Male,0,50941.61,1,0,0,25710.05,0
69.0,Female,9,130832.41,2,0,0,116294.0,0
49.0,Female,7,71784.49,1,1,1,26785.59,1
21.0,Female,1,198213.6,2,1,0,165452.21,0
47.0,Female,0,144398.34,2,1,0,77730.41,0
54.0,Female,1,158645.6,2,0,0,121237.29,1
40.0,Male,0,199478.54,1,0,0,70300.16,1
56.0,Female,0,98992.62,2,0,1,160850.03,1
62.0,Male,8,228772.52,1,0,0,179570.45,1
32.0,Male,0,133257.22,1,0,1,91755.65,0
60.0,Female,3,39488.71,2,0,1,175326.03,1
46.0,Female,9,173974.78,2,0,1,68073.5,0
53.0,Male,5,198315.34,1,1,0,116238.97,0
30.0,Male,6,79190.42,1,1,1,174577.06,1
49.0,Male,1,214294.81,3,0,0,78658.64,0
24.0,Female,5,226535.81,1,0,0,191727.61,1
68.0,Female,6,69226.12,3,0,0,41938.31,0
39.0,Female,9,245880.37,3,1,1,23289.51,1
45.0,Female,9,35177.88,3,0,0,182744.36,1
19.0,Female,1,50503.92,2,1,0,32356.76,1
59.0,Male,1,46056.21,2,1,0,198540.06,1
62.0,Female,9,223497.43,1,1,1,191251.44,1
23.0,Male,6,163573.14,3,1,1,44663.76,1
45.0,Male,0,38026.07,2,1,1,116765.23,0
45.0,Male,7,110080.85,2,0,0,53285.65,0
61.0,Female,2,153824.51,2,0,1,97067.93,0
61.0,Female,5,20866.02,2,1,0,31056.52,1
37.0,Female,8,220604.09,2,0,0,60306.43,0
47.0,Male,5,200900.88,3,1,1,85389.1,1
28.0,Male,8,126301.69,3,1,0,98956.55,0
45.0,Male,6,241781.65,3,0,1,195949.33,0
42.0,Male,8,104440.24,3,0,0,165415.82,1
56.0,Male,1,246027.58,1,0,1,152733.79,0
50.0,Male,7,166980.0,3,0,0,116667.44,0
18.0,Female,7,158667.82,2,0,0,171199.6,0
44.0,Female,1,41488.72,3,1,0,81078.11,1
69.0,Female,3,220481.94,1,0,0,147601.84,0
30.0,Female,6,106872.42,2,0,0,198881.12,1
58.0,Male,3,40558.35,3,0,1,76633.2,0
20.0,Male,3,3151.88,3,1,0,141323.16,0
56.0,Female,5,139938.92,3,0,1,171976.68,0
23.0,Male,9,131849.91,2,1,1,184845.37,0
25.0,Female,5,179838.41,2,0,1,149227.88,1
44.0,Female,9,222564.51,1,0,0,71049.43,0
26.0,Female,2,19851.65,2,1,0,78730.79,1
54.0,Male,8,182874.12,2,0,0,23736.45,1
50.0,Female,9,46852.99,3,0,1,156959.48,0
68.0,Female,1,,2,1,0,27693.13,0
59.0,Female,5,204765.88,3,0,0,175637.42,1
61.0,Male,6,135198.44,3,1,1,41358.91,1
41.0,Male,8,177560.7,2,1,1,50937.77,0
32.0,Female,2,78587.53,1,1,1,105774.76,0
49.0,Male,9,117791.97,1,1,1,152818.47,0
49.0,Male,2,205409.22,2,1,1,45020.4,0
41.0,Male,6,114816.3,1,0,1,99212.79,0
58.0,Male,3,89449.57,3,0,0,106913.23,1
69.0,Male,7,123553.11,3,0,1,58211.42,0
66.0,Male,6,207062.31,2,1,0,40800.51,0
66.0,Male,4,83802.01,1,1,0,170555.77,1
69.0,Male,6,43440.4,1,1,0,110443.82,0
29.0,Male,2,178003.51,3,1,1,22588.62,0
56.0,Male,1,206494.55,2,0,0,164536.63,1
19.0,Female,5,25159.37,1,0,1,196542.88,0
20.0,Female,1,59968.53,2,1,1,129066.72,1
66.0,Male,2,35493.0,1,1,0,110667.51,0
54.0,Female,5,86985.35,3,0,1,178114.86,0
66.0,Female,4,112587.74,3,1,0,191453.02,0
34.0,Male,7,187206.58,2,1,0,155816.64,1
66.0,Male,8,162786.9,3,1,1,100181.53,1
19.0,Male,2,155232.14,1,0,0,126599.85,1
19.0,Female,9,88093.74,3,0,0,146168.37,1
45.0,Female,2,210361.89,2,1,0,54969.24,0
,Male,2,117821.79,2,0,1,100496.19,1
54.0,Male,5,244776.23,2,1,0,169367.83,1
49.0,Male,0,158535.53,1,1,1,137850.56,1
50.0,Female,6,31566.19,1,0,1,94016.73,0
18.0,Female,0,169044.39,1,1,0,139405.26,0
36.0,Female,4,81276.0,1,1,0,41280.03,1
19.0,Female,9,171581.8,1,0,1,92269.57,1
61.0,Male,7,17410.29,3,1,1,162763.14,0
43.0,Male,3,43720.36,1,1,0,59691.58,1
49.0,Male,4,213934.31,1,1,0,53473.07,1
23.0,Male,3,56794.89,3,0,1,191147.36,1
49.0,Female,3,209260.28,1,1,1,57781.57,1
21.0,Female,7,69819.02,2,0,1,66965.34,0
28.0,Male,1,160720.48,1,1,1,194530.87,0
34.0,Male,0,173537.64,1,1,1,152247.54,0
55.0,Female,2,128163.69,2,1,0,145927.38,1
41.0,Male,8,,2,1,1,173526.75,1
22.0,Female,3,53161.09,2,0,1,40848.15,0
69.0,Male,9,8297.34,2,0,0,147072.12,0
51.0,Male,4,75986.6,1,1,0,110663.95,0
23.0,Male,1,163290.7,2,1,1,169247.12,1
39.0,Male,3,234576.2,2,1,1,111465.51,0
28.0,Male,1,217801.12,3,1,0,131643.44,1
65.0,Male,1,191516.19,2,1,1,105993.58,1
33.0,Male,3,197111.84,2,1,1,106068.61,0
50.0,Female,5,166246.23,3,1,0,158234.6,0
26.0,Female,6,65071.71,3,1,1,133141.95,1
23.0,Female,9,,1,0,0,133987.38,0
33.0,Female,2,167683.08,3,0,0,101050.85,0
46.0,Female,2,140110.16,1,0,0,115599.71,1
20.0,Male,9,27747.37,3,1,0,154229.18,1
37.0,Male,5,,3,1,1,168669.37,1
53.0,Female,2,115089.57,1,1,0,145381.05,1
36.0,Male,1,216140.9,3,0,1,186333.14,1
43.0,Female,7,136662.06,1,1,1,167658.34,0
20.0,Female,4,95100.14,3,0,1,121135.48,1
36.0,Male,0,,2,1,1,140853.09,1
37.0,Male,2,27680.15,3,0,1,186735.49,1
49.0,Male,9,105637.11,1,0,0,131450.25,0
24.0,Female,7,10506.17,3,0,0,168465.25,1
69.0,Male,3,184976.03,1,1,0,143985.89,1
58.0,Female,6,229519.14,1,0,0,119348.54,1
50.0,Female,9,70009.33,2,1,1,63530.88,0
57.0,Female,1,214585.42,2,1,0,96679.55,1
56.0,Male,6,73054.56,1,1,1,194193.71,1
35.0,Male,4,227692.54,3,1,1,138397.77,1
57.0,Female,4,188490.48,1,1,0,121591.17,0
18.0,Male,5,201226.69,1,0,0,187932.19,0
28.0,Male,8,4501.64,3,1,0,125572.12,0
45.0,Male,5,240702.59,3,1,0,114694.85,0
42.0,Female,7,181667.75,3,1,1,156675.95,1
67.0,Female,6,76187.77,3,1,1,148279.81,1
,Male,8,207348.67,1,1,0,54768.8,0
48.0,Female,3,70380.3,1,0,1,104835.49,0
47.0,Male,1,218188.46,2,0,1,105052.78,1
59.0,Male,6,28145.1,1,1,1,88080.41,1
52.0,Male,5,175921.49,3,0,0,113112.83,0
24.0,Male,0,135174.62,2,0,1,94359.33,0
33.0,Female,8,24133.62,3,1,0,55882.19,0
43.0,Female,8,60473.46,1,0,0,94225.97,0
65.0,Female,1,3101.01,2,1,1,33009.85,1
69.0,Male,2,117191.99,3,0,1,123641.46,0
66.0,Male,4,75316.32,2,0,0,173657.82,0
19.0,Male,4,149589.37,2,0,1,150551.68,1
18.0,Female,0,74309.45,1,1,1,84870.93,1
65.0,Male,7,74979.78,3,0,0,35672.82,1
29.0,Female,7,185798.3,2,0,0,56386.89,1
22.0,Female,3,12035.71,2,1,0,118188.26,1
54.0,Female,6,225723.75,3,1,0,57270.28,0
49.0,Female,9,213065.97,2,0,1,117915.16,0
26.0,Female,2,166951.17,2,1,1,61687.82,0
58.0,Female,5,148305.39,2,0,0,172806.3,1
52.0,Male,9,223075.62,3,0,0,91508.87,0
36.0,Male,9,46332.54,3,1,0,64199.11,1
65.0,Female,8,19742.29,3,1,1,166218.71,0
33.0,Female,0,,3,1,0,81711.01,0
20.0,Male,4,198644.57,1,0,1,40067.78,1
37.0,Female,3,8667.57,2,1,0,122673.71,1
41.0,Female,7,145701.71,3,0,0,124681.56,0
50.0,Male,0,248859.38,2,1,0,148645.22,0
41.0,Female,8,213924.02,2,0,1,63239.5,0
69.0,Female,5,130361.42,1,1,1,99878.84,0
28.0,Female,3,15910.23,3,0,1,70826.23,0
66.0,Male,8,207843.38,3,1,0,34571.67,1
,Male,4,149744.63,2,0,1,177790.49,1
53.0,Male,4,28733.25,3,1,1,151196.56,1
55.0,Female,4,23464.32,2,1,0,74263.35,1
57.0,Female,0,227406.7,2,0,0,127887.14,0
37.0,Male,0,167300.07,1,1,1,56227.48,0
52.0,Female,7,207321.7,1,0,1,180242.59,1
65.0,Female,7,219744.73,1,0,1,40683.14,0
42.0,Female,5,142943.09,2,1,1,20690.69,1
52.0,Female,3,129361.59,3,0,0,110361.48,0
42.0,Female,1,107606.85,1,1,0,124963.01,0
46.0,Male,1,79236.65,3,1,0,124213.76,0
35.0,Female,8,108648.99,1,0,1,29812.15,1
63.0,Male,4,193469.91,1,1,1,76527.89,1
35.0,Female,3,150480.86,2,0,0,109855.81,1
19.0,Male,9,,1,0,0,58984.25,1
52.0,Female,0,110845.0,1,1,1,177072.66,0
33.0,Male,6,151772.39,2,1,1,35679.67,0
58.0,Female,2,157826.89,3,0,0,107729.2,0
53.0,Male,5,147924.29,1,0,0,144454.89,0
50.0,Female,4,175658.44,2,1,0,67115.2,1
21.0,Male,4,59358.37,1,1,1,132363.33,0
,Female,4,128090.94,2,1,1,169289.33,0
31.0,Male,0,26056.2,3,1,1,54260.66,0
38.0,Male,0,96127.83,3,0,1,185099.71,1
65.0,Female,2,121916.77,2,1,1,119640.54,1
37.0,Female,9,163056.06,2,0,1,73861.76,1
25.0,Male,3,,2,0,0,97554.49,0
24.0,Female,4,150162.77,3,1,0,76194.54,1
20.0,Male,1,185898.48,1,0,1,150520.01,0
34.0,Male,7,126566.51,3,1,0,163334.12,0
50.0,Male,1,158526.01,2,0,1,169928.73,0
65.0,Female,8,17733.05,2,1,0,197438.28,1
29.0,Male,1,63597.9,3,0,1,162431.17,1
68.0,Male,8,90463.27,2,0,0,128249.13,0
39.0,Female,6,118123.34,3,1,0,81059.65,0
39.0,Female,7,,2,1,1,118027.18,1
63.0,Female,1,35006.02,1,0,1,27392.27,1
47.0,Female,6,69203.58,1,0,0,154068.51,1
55.0,Male,5,242883.17,2,1,0,100272.0,0
55.0,Male,3,82836.75,3,0,1,23604.18,0
62.0,Male,6,120510.26,1,1,0,31251.25,0
68.0,Male,3,49024.43,3,0,1,89743.96,1
25.0,Female,1,152695.02,2,1,1,125015.87,1
44.0,Male,9,70170.8,3,0,0,103556.71,1
44.0,Male,6,51748.14,1,1,1,131456.78,0
51.0,Female,7,129143.16,3,1,0,106452.97,0
38.0,Male,1,1376.45,3,0,0,139106.69,1
47.0,Male,4,1916.01,2,1,1,59442.69,0
50.0,Male,0,54767.2,2,0,0,40311.77,1
45.0,Male,6,9180.34,2,1,1,127358.11,0
64.0,Male,7,27006.44,1,1,1,107244.11,1
50.0,Male,5,84715.16,1,1,1,24836.18,0
22.0,Female,4,200646.42,2,0,0,88486.74,0
65.0,Female,5,143012.16,2,1,1,39102.61,1
36.0,Male,1,,1,0,0,115644.23,1
21.0,Male,0,73372.21,1,1,1,91239.98,1
52.0,Female,6,232938.43,1,0,1,130367.34,1
66.0,Male,6,99253.76,1,0,1,165008.4,1
34.0,Male,9,21773.19,2,0,0,73940.36,0
61.0,Male,9,154266.63,1,1,0,193178.38,1
45.0,Female,1,28459.6,2,0,1,116414.21,1
47.0,Male,1,86305.79,3,1,1,131292.34,1
46.0,Female,0,126852.98,3,0,0,142521.03,0
63.0,Male,9,218555.63,1,0,0,140011.68,1
23.0,Female,7,123386.65,3,0,0,111974.73,1
52.0,Female,7,175564.69,3,0,1,97177.57,1
58.0,Male,0,248204.21,3,1,0,29680.75,0
54.0,Female,7,32872.28,1,0,1,23975.45,0
41.0,Male,8,68682.88,1,0,0,84433.02,1
46.0,Female,3,98644.02,3,1,1,80058.96,0
66.0,Male,0,105457.04,2,0,1,89785.13,1
63.0,Male,0,102755.27,3,0,1,44906.28,0
48.0,Female,2,226902.75,1,0,0,152870.29,1
52.0,Male,4,178508.16,1,0,0,174253.59,0
50.0,Male,4,151976.3,1,1,0,188968.63,1
69.0,Female,8,77343.18,3,1,1,108625.21,1
38.0,Male,9,205947.6,2,0,1,146155.83,0
49.0,Male,1,238765.13,1,1,0,173999.2,1
40.0,Female,1,205299.57,1,1,1,95292.4,1
50.0,Female,5,391.28,3,0,1,75694.3,1
20.0,Male,8,159100.34,2,1,1,188610.42,1
35.0,Male,0,12783.85,3,0,0,112821.78,0
42.0,Female,8,64401.81,1,1,1,109505.7,1
59.0,Female,8,14881.18,2,1,0,52114.9,0
48.0,Male,8,150948.86,2,1,0,39467.9,0
20.0,Female,4,171647.48,1,0,0,171579.24,0
57.0,Male,8,28621.91,2,1,0,130543.97,0
63.0,Male,3,95959.72,2,0,0,78648.43,1
41.0,Male,1,114059.13,3,0,1,54512.52,1
67.0,Male,5,92263.26,1,1,0,119989.51,0
49.0,Male,3,30256.25,1,0,0,125105.47,1
64.0,Female,5,104736.95,1,1,0,57258.85,0
39.0,Female,2,187794.51,1,0,1,173253.03,1
40.0,Female,5,17751.92,1,0,1,35167.59,1
19.0,Female,1,20045.0,2,1,1,84096.76,1
44.0,Male,1,88692.82,3,1,1,142469.19,0
59.0,Male,8,235431.43,1,1,0,69341.67,0
19.0,Male,6,167143.16,3,1,0,168981.54,1
43.0,Male,2,169667.49,3,0,1,153176.21,0
34.0,Female,0,90480.0,2,0,1,162024.11,0
57.0,Male,7,148415.2,1,0,1,41439.18,1
50.0,Male,5,2532.8,2,1,1,45298.48,0
26.0,Female,6,159024.01,1,0,0,71565.27,1
60.0,Female,8,228321.74,2,1,1,113253.89,1
65.0,Female,4,153143.37,3,0,1,154642.89,1
56.0,Female,0,218424.65,1,1,1,170575.56,0
46.0,Male,9,180993.26,3,0,1,146780.36,1
59.0,Male,6,30139.6,3,0,1,187147.44,1
43.0,Female,4,225613.33,2,1,1,152973.83,0
52.0,Male,2,16610.96,1,0,1,75128.22,0
67.0,Male,8,,3,1,0,67714.63,0
42.0,Male,0,35534.28,2,0,0,145314.64,0
41.0,Female,0,2926.65,1,0,0,54716.7,1
30.0,Male,0,105508.57,1,1,0,36688.67,0
24.0,Female,2,73760.18,3,1,0,115800.12,0
53.0,Male,5,121500.12,1,0,0,167895.48,0
62.0,Male,9,144299.97,3,0,1,38248.37,0
37.0,Male,2,10934.77,1,0,1,162540.44,1
18.0,Female,7,30750.82,2,0,0,166082.96,0
25.0,Male,9,139660.6,3,0,1,106809.32,1
63.0,Female,1,85791.84,3,0,0,30315.86,0
33.0,Female,8,182293.37,1,1,1,51426.17,1
31.0,Female,2,163072.91,1,1,1,147336.73,1
29.0,Male,4,211401.09,3,1,1,148120.03,0
68.0,Male,9,173123.21,1,0,1,181703.95,1
40.0,Male,7,107482.77,2,0,1,124883.51,0
32.0,Male,1,168241.66,1,0,1,42339.33,1
45.0,Female,5,68845.29,2,1,0,41854.68,1
51.0,Female,4,76578.37,2,1,0,149803.82,1
19.0,Female,9,197246.29,2,0,1,53081.24,0
49.0,Male,8,111604.88,2,0,0,79109.39,1
40.0,Female,4,199595.09,2,1,1,107698.16,0
39.0,Male,1,205605.59,1,1,0,24457.68,1
68.0,Female,4,214390.58,2,1,1,64787.42,1
42.0,Male,3,229158.81,1,0,0,93420.13,1
39.0,Male,6,107746.31,2,0,1,70334.54,1
39.0,Female,5,79716.7,3,0,0,44546.66,1
66.0,Female,1,145549.69,2,1,1,151042.21,1
69.0,Female,4,92793.11,3,1,0,166366.58,0
,Female,6,150268.54,2,0,1,66346.22,0
23.0,Male,6,176396.47,2,0,1,159395.51,0
32.0,Female,4,172101.25,2,1,1,89399.64,1
60.0,Female,8,93638.22,3,0,0,111203.44,0
54.0,Female,3,41715.05,3,1,0,174080.19,1
50.0,Male,2,107632.33,2,1,0,154991.66,0
,Male,3,35648.54,1,0,1,164921.03,0
61.0,Female,4,222524.26,2,1,0,44632.13,1
61.0,Male,5,86469.37,3,0,1,32549.5,1
22.0,Female,2,38614.94,2,1,0,180812.85,0
56.0,Male,1,6361.94,3,1,0,89810.17,0
21.0,Male,3,161455.6,3,0,0,71818.34,0
23.0,Male,4,159225.58,3,1,0,150445.33,0
62.0,Male,3,85151.04,2,0,1,170554.81,1
49.0,Female,2,17927.97,3,0,0,175248.13,0
69.0,Female,7,102407.22,3,1,0,76879.49,1
47.0,Female,9,77804.37,2,0,1,173398.23,1
64.0,Male,3,169280.16,3,0,1,27368.11,0
52.0,Female,1,151444.81,2,0,0,28939.07,1
57.0,Female,1,91148.43,3,0,0,132233.46,0
69.0,Female,0,54473.14,1,0,1,31359.15,1
33.0,Male,3,247008.99,1,0,1,78429.65,1
30.0,Male,9,113500.41,3,1,1,141096.08,0
67.0,Male,8,172068.56,1,0,0,80708.04,1
59.0,Female,6,35138.24,2,1,0,52327.96,1
47.0,Female,9,121397.42,1,1,0,70643.11,0
36.0,Female,6,,3,0,1,102363.56,1
34.0,Male,6,126363.78,3,1,1,105569.45,1
36.0,Male,7,241004.35,2,1,1,160940.04,0
45.0,Female,0,96051.68,3,0,0,155027.58,0
43.0,Male,9,9749.0,2,0,1,102227.2,1
54.0,Male,9,7738.95,1,0,0,172220.12,1
43.0,Male,7,96996.69,1,1,1,40562.68,1
,Male,3,40006.23,2,1,0,65963.6,0
26.0,Female,3,5838.02,2,0,0,169035.76,1
29.0,Male,3,189053.4,3,0,1,88038.93,1
18.0,Male,5,114630.75,1,1,0,196612.68,1
18.0,Male,6,72311.19,2,1,1,103925.59,1
64.0,Male,5,,1,1,0,162548.41,1
51.0,Female,0,29034.74,2,1,1,92415.27,1
49.0,Female,7,238979.71,1,0,1,96491.63,0
65.0,Male,9,78491.68,3,1,0,88918.97,0
42.0,Male,6,222100.92,1,1,1,149433.61,1
,Male,5,150735.72,1,1,0,118553.22,1
62.0,Male,5,206676.84,1,1,1,189880.06,0
18.0,Male,4,246003.29,1,0,1,65160.26,0
33.0,Male,5,72101.36,1,0,1,38101.29,0
56.0,Female,8,240283.87,3,1,1,90787.07,1
22.0,Male,9,97370.47,2,1,0,131008.29,1
,Female,8,96377.98,1,0,1,174943.81,1
46.0,Female,9,,3,0,1,82315.44,1
20.0,Male,7,135351.9,1,1,0,137681.62,0
29.0,Female,9,38536.26,1,1,0,83035.76,0
43.0,Female,8,138427.87,2,0,0,131099.52,0
33.0,Female,9,135426.2,1,0,0,179265.43,0
68.0,Female,7,190475.45,3,0,0,61644.38,1
54.0,Female,7,208412.49,3,0,0,92763.5,1
39.0,Female,0,110110.34,2,0,1,198787.74,0
46.0,Male,9,75583.31,1,0,0,176340.27,0
31.0,Female,4,64833.72,3,1,1,121635.17,0
45.0,Female,3,48655.96,1,0,0,112992.97,0
22.0,Female,1,14411.9,1,0,1,71228.07,0
64.0,Male,7,85611.99,1,0,1,113097.7,1
66.0,Female,2,67561.92,2,0,1,172672.67,1
47.0,Male,3,241604.35,1,1,0,143331.41,0
63.0,Female,6,139427.21,3,1,0,72207.93,0
69.0,Male,9,86819.26,1,0,0,56263.51,0
22.0,Male,8,145116.9,3,1,0,67737.54,1
29.0,Female,1,34799.18,1,1,1,50556.66,1
33.0,Female,2,111010.94,3,1,0,37215.33,1
43.0,Male,3,156558.58,3,1,1,95444.51,0
43.0,Female,9,122224.46,1,1,1,40393.93,1
65.0,Male,0,100444.7,1,1,0,50944.26,0
38.0,Male,6,248462.1,3,0,0,118518.44,1
56.0,Male,1,220078.69,2,0,0,49627.87,1
53.0,Male,4,155851.49,1,0,1,31498.36,1
50.0,Male,0,142344.34,2,0,0,77129.99,0
47.0,Female,2,155165.12,1,0,1,59657.44,0
54.0,Male,1,50328.03,1,1,0,112754.93,1
40.0,Male,0,98784.44,1,0,1,38426.08,0
27.0,Female,6,9864.88,1,0,0,155318.74,0
22.0,Male,4,118886.51,2,1,0,183122.03,0
53.0,Female,0,135756.15,1,1,1,153818.33,0
51.0,Female,5,56937.43,3,0,0,115908.87,0
69.0,Female,4,241007.21,3,1,0,174920.21,0
48.0,Male,2,227363.65,2,1,0,145085.31,0
27.0,Male,6,180535.81,1,1,0,21899.2,1
36.0,Male,9,133346.66,3,1,0,90936.23,0
49.0,Female,8,217492.29,2,0,0,173171.34,0
18.0,Male,8,32663.09,1,1,0,82254.59,1
22.0,Female,8,197627.45,3,0,1,26338.73,1
62.0,Male,1,31205.2,3,0,1,154312.33,1
21.0,Female,2,198552.67,2,1,0,164366.89,1
33.0,Male,6,68941.89,1,1,0,48906.87,0
41.0,Male,4,219272.65,1,1,0,116721.29,1
33.0,Male,1,236010.52,3,0,1,54551.98,1
19.0,Female,2,37198.99,3,1,1,149462.2,0
66.0,Female,9,115668.9,3,1,0,68879.08,0
45.0,Male,5,245246.84,1,1,1,76918.72,0
49.0,Male,6,120851.86,2,1,0,172094.75,1
44.0,Female,8,215886.88,2,1,0,105738.02,0
37.0,Female,0,147182.88,1,0,0,140555.8,1
41.0,Female,6,,2,1,0,92427.15,0
29.0,Male,7,71445.89,3,1,1,73641.23,0
67.0,Female,2,50805.77,2,1,1,132586.05,1
52.0,Male,3,190449.55,2,0,0,47874.36,0
50.0,Female,9,96635.13,2,1,1,87139.97,0
50.0,Male,5,127818.87,3,0,1,57626.67,0
,Female,9,123081.37,1,0,0,145243.09,0
60.0,Female,6,144319.76,3,1,1,189957.59,0
54.0,Female,3,216394.29,1,1,0,199191.97,1
29.0,Female,7,245184.84,1,1,0,101049.83,1
20.0,Female,4,101896.05,1,0,0,65455.47,0
18.0,Male,0,206879.73,2,0,0,99709.29,1
50.0,Female,3,191131.95,2,0,1,172508.49,1
57.0,Female,2,143382.24,1,0,0,57081.02,1
27.0,Female,8,239011.79,1,0,1,191377.22,0
60.0,Male,7,50118.63,2,0,0,81535.84,0
61.0,Female,0,27316.05,3,1,0,197444.66,0
46.0,Male,5,213490.49,1,1,1,170949.6,1
30.0,Female,8,109787.45,3,0,0,165542.7,1
29.0,Female,6,211742.21,2,1,1,77222.84,0
48.0,Male,3,223272.55,1,1,1,21579.9,0
63.0,Female,0,15614.4,3,0,0,88783.92,1
19.0,Male,1,220866.19,3,0,0,74325.69,1
68.0,Male,4,112079.76,3,1,0,26731.46,0
67.0,Female,4,127608.12,2,0,0,110965.75,1
52.0,Male,7,156648.13,2,0,0,92545.64,1
40.0,Female,5,231595.65,3,1,0,134220.16,1
34.0,Female,7,4779.02,3,0,1,131813.54,1
43.0,Male,1,119210.87,2,1,1,41734.39,1
25.0,Male,2,171930.51,3,1,0,195853.8,1
46.0,Male,5,180676.74,3,1,1,53647.66,1
,Male,9,173133.11,2,1,1,100149.32,0
27.0,Female,2,33608.78,3,1,0,107861.16,0
43.0,Female,5,74848.9,3,0,0,166351.3,1
51.0,Male,5,89678.88,3,0,1,37861.33,1
68.0,Female,1,201109.3,2,0,0,97155.97,1
58.0,Female,6,,3,0,1,133130.39,0
24.0,Female,1,52676.24,2,1,0,58728.01,0
21.0,Female,5,239362.0,2,1,1,132944.22,1
67.0,Male,0,2215.82,1,0,1,186259.67,0
62.0,Male,2,249455.21,1,1,1,199553.26,1
28.0,Female,1,169205.32,3,0,1,25841.19,1
46.0,Male,6,207117.32,2,0,0,62405.88,1
53.0,Male,3,73654.85,1,0,0,75855.28,1
42.0,Male,7,3578.82,3,1,1,91842.7,1
38.0,Female,5,184467.38,1,1,1,63606.29,1
53.0,Female,9,208536.15,1,1,0,56627.84,1
27.0,Female,3,185119.03,2,1,0,191819.69,0
54.0,Male,4,35712.57,2,0,1,185333.89,1
26.0,Female,8,188356.98,1,1,1,28458.65,0
41.0,Female,6,192230.7,1,1,1,80986.34,1
52.0,Male,9,164635.13,2,1,1,92926.74,1
66.0,Female,8,191528.98,3,0,1,63022.62,0
52.0,Female,6,211480.36,2,0,0,133197.12,0
65.0,Male,0,153401.03,1,1,1,135268.53,1
53.0,Male,7,22151.18,3,1,0,173090.76,0
35.0,Male,3,121906.95,1,1,0,153356.47,1
66.0,Female,2,19412.33,3,1,0,117663.2,1
56.0,Female,6,101885.76,1,0,1,137645.62,0
49.0,Female,2,101776.62,3,1,0,69317.98,0
41.0,Male,7,16502.46,3,1,0,126750.11,0
40.0,Male,5,87205.13,1,1,0,108060.91,0
49.0,Female,4,27749.52,3,0,0,44002.0,1
54.0,Female,3,202058.8,2,0,1,63657.97,0
29.0,Male,7,236922.01,1,1,1,72504.82,0
66.0,Male,7,18079.12,2,1,0,186375.72,0
30.0,Male,0,238778.8,1,1,0,61469.6,0
40.0,Male,8,130644.15,3,1,1,72063.9,0
42.0,Female,4,74891.42,3,1,1,86483.74,1
52.0,Male,3,19215.52,3,0,1,139473.69,1
58.0,Female,5,125156.07,1,0,0,41282.91,0
47.0,Female,5,198628.89,2,0,1,191710.14,0
34.0,Female,1,176771.62,2,1,0,175802.82,1
66.0,Male,7,12556.5,1,0,0,123898.89,0
37.0,Male,6,18225.46,1,0,1,141326.82,1
65.0,Male,0,100718.32,2,0,0,22998.88,1
42.0,Male,4,73822.62,2,1,1,81010.06,0
39.0,Female,5,58096.08,2,1,0,163218.84,1
30.0,Male,3,70251.12,2,0,1,33946.94,0
36.0,Male,1,200870.69,1,1,0,70816.49,0
66.0,Female,3,232307.01,1,0,0,125353.43,1
53.0,Male,0,101275.67,3,0,1,66154.34,1
29.0,Female,6,226527.75,2,0,1,188116.04,0
58.0,Female,1,80373.93,3,0,1,43590.55,1
36.0,Female,1,119109.25,1,1,1,163530.98,0
29.0,Female,8,56507.25,1,1,0,111430.76,1
26.0,Female,4,160119.01,3,1,1,155059.54,1
24.0,Female,1,244745.28,2,1,1,75928.76,0
45.0,Female,8,150873.27,2,0,0,112608.13,0
31.0,Female,8,89453.52,2,1,1,174230.36,0
48.0,Male,0,161954.36,2,0,1,104038.06,1
69.0,Male,2,30730.17,3,1,0,84749.58,0
36.0,Male,3,222164.77,3,1,1,116507.97,0
64.0,Male,6,125770.99,1,1,1,149125.3,1
33.0,Female,9,112337.44,2,0,1,99841.4,1
22.0,Male,3,146466.2,2,0,1,188997.86,0
52.0,Female,1,156195.97,2,0,1,73090.25,0
29.0,Male,6,17943.95,3,0,1,105583.45,0
42.0,Male,5,170654.31,2,1,0,156246.98,0
69.0,Male,2,60482.92,3,0,1,144041.8,1
38.0,Female,5,178488.16,2,0,0,175455.39,1
53.0,Male,5,205633.7,2,1,0,199425.65,0
40.0,Female,4,200989.63,1,1,0,96834.5,0
33.0,Female,3,138125.24,2,0,0,40007.16,0
56.0,Male,9,130042.47,2,1,1,25474.86,1
62.0,Male,0,35718.99,1,0,1,150837.84,0
59.0,Male,9,193836.54,3,1,1,177322.46,0
56.0,Female,5,67852.35,3,0,0,59728.27,1
31.0,Male,1,124173.86,2,0,1,48520.65,1
48.0,Female,2,71068.52,3,0,1,31196.92,0
22.0,Female,7,33457.09,2,0,1,168086.53,0
52.0,Male,9,157389.42,1,0,0,76048.75,1
40.0,Male,5,13583.01,1,1,0,92305.44,0
46.0,Female,2,187161.31,2,0,1,110495.03,0
60.0,Female,6,79396.7,1,0,0,171101.58,1
28.0,Female,3,33.67,1,0,0,137149.98,1
35.0,Male,8,,2,0,1,130711.63,1
64.0,Female,4,11712.98,2,0,0,51620.98,0
29.0,Male,2,69042.39,1,1,0,112374.18,1
26.0,Female,1,176744.12,3,1,1,148768.58,1
27.0,Female,1,15672.41,3,0,0,195186.96,0
61.0,Male,2,209834.62,2,1,0,56253.14,0
,Female,1,954.98,2,0,0,21717.8,1
55.0,Male,3,61705.97,3,1,0,33554.26,1
24.0,Male,1,185226.01,1,1,0,87653.44,0
63.0,Female,9,79067.54,3,0,0,167698.04,0
30.0,Male,8,25473.1,3,1,0,21285.57,1
57.0,Male,1,90058.48,3,1,0,102211.51,1
59.0,Female,8,,3,0,1,79261.51,0
26.0,Male,5,210677.98,2,0,1,29446.71,1
67.0,Male,0,78336.98,2,1,1,101042.53,0
,Male,3,197233.12,1,1,1,65854.77,1
19.0,Female,0,222968.04,1,1,0,83339.27,0
,Male,5,108454.35,1,0,1,147010.75,0
46.0,Female,3,227485.79,1,1,1,113879.18,1
54.0,Female,2,94329.51,3,1,0,42436.54,1
55.0,Male,2,241019.6,2,1,0,193054.62,0
36.0,Male,8,22322.38,2,0,0,134463.94,1
25.0,Male,5,171754.82,1,0,0,157856.32,1
65.0,Female,8,123453.51,1,0,0,34258.37,1
62.0,Male,4,96912.2,3,0,1,28470.51,0
18.0,Male,1,158177.97,3,1,0,23500.65,1
39.0,Male,7,175964.27,1,0,1,53982.92,1
69.0,Male,4,1090.82,2,1,1,94593.51,0
34.0,Male,1,41738.27,2,1,0,188448.7,1
24.0,Female,3,178261.51,2,1,1,102270.74,1
42.0,Female,8,166596.35,1,1,1,72245.92,0
62.0,Male,3,241511.88,2,0,0,121148.35,0
21.0,Male,3,190259.45,3,0,1,40148.22,1
53.0,Male,1,237693.18,3,0,1,129711.06,1
23.0,Male,5,175635.13,1,0,1,122317.75,0
48.0,Female,1,74513.05,3,0,0,162558.75,0
36.0,Male,6,26341.23,1,1,0,197603.77,1
61.0,Female,2,195455.97,2,0,0,65157.22,1
56.0,Female,2,161037.31,2,0,1,111738.16,1
44.0,Male,4,12046.5,2,0,0,183595.77,0
27.0,Female,2,90012.62,3,0,1,161334.18,1
43.0,Female,1,239199.95,1,1,0,107733.13,0
36.0,Female,9,125100.29,2,1,1,190166.9,0
56.0,Female,8,108182.28,1,1,0,30302.6,0
20.0,Male,1,,2,1,0,187579.75,1
62.0,Male,1,52220.68,3,1,1,29091.33,1
30.0,Female,7,92176.79,3,0,0,118514.85,1
67.0,Male,8,92453.31,1,1,1,180279.37,0
45.0,Male,6,13088.76,3,1,0,67289.77,1
37.0,Male,2,191891.91,3,1,0,105004.73,0
45.0,Male,8,104126.11,1,0,1,78379.2,0
25.0,Male,2,205544.97,2,0,1,191385.91,0
58.0,Female,4,212587.0,3,1,1,168256.21,0
56.0,Male,8,52998.51,1,0,0,147620.27,0
18.0,Male,2,164338.37,3,0,1,125772.86,0
20.0,Male,6,118070.45,3,1,0,167706.52,1
30.0,Male,0,220039.18,3,0,1,90608.07,0
45.0,Female,3,53935.17,3,0,1,100559.33,1
66.0,Female,3,169453.3,1,0,1,151400.31,0
42.0,Female,6,151938.03,1,1,1,84395.86,1
50.0,Female,7,73825.37,1,1,1,31502.17,1
55.0,Male,0,34150.23,3,1,1,33380.23,1
23.0,Female,4,162909.94,3,0,0,40765.3,1
61.0,Male,6,184649.36,3,1,1,176542.64,0
62.0,Male,3,78906.84,1,0,0,105000.76,0
49.0,Male,3,161208.15,3,0,1,148318.83,0
62.0,Male,3,98782.73,2,0,1,90723.68,0
64.0,Male,5,178301.72,3,1,1,66567.97,1
38.0,Female,6,49803.82,2,1,0,82494.59,1
33.0,Female,1,222553.75,3,1,0,162952.82,1
38.0,Female,4,71852.4,1,1,1,132538.9,0
28.0,Female,3,91946.5,3,0,0,188775.16,1
54.0,Male,2,14522.99,2,1,1,142346.86,0
53.0,Female,6,27878.05,2,0,1,122632.69,1
52.0,Male,5,128965.48,3,1,0,129835.28,1
36.0,Female,6,66898.17,2,1,0,189626.86,1
37.0,Male,4,208870.06,2,1,0,161876.17,1
35.0,Male,5,3673.35,1,0,0,24327.42,1
64.0,Female,4,94773.51,3,0,1,116145.15,0
58.0,Male,6,84336.39,3,0,0,143900.91,1
66.0,Male,1,4831.91,3,0,0,154765.73,0
31.0,Female,4,31092.1,2,0,1,58365.58,0
32.0,Male,5,103410.67,3,1,0,176091.92,0
48.0,Female,5,123216.15,3,0,0,192051.77,0
18.0,Female,4,101072.44,1,0,0,62608.76,0
20.0,Female,9,132734.42,1,0,0,178870.78,0
33.0,Male,6,148782.92,1,0,1,37456.18,0
40.0,Male,9,2480.96,2,1,1,30027.23,0
28.0,Male,7,116023.79,3,0,0,43260.28,1
29.0,Female,6,240874.81,1,1,0,30393.39,1
27.0,Male,4,129758.07,1,1,1,172102.2,0
49.0,Female,0,,1,1,0,30629.03,0
33.0,Female,4,77965.96,3,0,0,68899.55,0
25.0,Male,9,193497.84,3,1,0,38676.14,1
55.0,Female,1,193230.37,3,0,0,73175.97,1
29.0,Male,4,130324.01,2,0,0,36300.7,0
41.0,Male,4,244003.46,2,0,0,140240.59,0
45.0,Male,1,31387.55,1,0,0,43998.83,1
25.0,Male,4,4236.92,3,0,0,173332.27,1
45.0,Male,3,192539.55,1,1,0,167094.39,0
53.0,Female,0,201788.88,3,1,1,22459.1,0
43.0,Female,2,30051.81,3,0,1,181230.74,0
25.0,Female,0,66395.71,3,1,1,25209.98,0
67.0,Male,4,4388.09,2,0,0,63136.24,1
45.0,Male,3,73327.15,2,1,0,25830.04,1
45.0,Male,6,193285.47,3,1,1,80451.83,0
54.0,Female,4,129490.13,1,1,0,112495.97,0
58.0,Male,9,87023.9,3,1,1,163396.08,0
53.0,Female,3,92934.82,3,1,0,80836.68,1
44.0,Female,1,338.41,1,0,1,146988.2,0
34.0,Male,3,74950.13,3,0,1,53750.8,0
26.0,Male,1,161614.69,1,1,1,155107.72,0
50.0,Female,7,243548.61,2,0,0,62479.39,1
37.0,Male,2,211765.21,2,1,1,45838.06,0
30.0,Female,8,5898.74,1,0,0,53373.59,1
45.0,Male,3,224640.15,2,1,0,52771.36,0
65.0,Male,5,195799.6,2,1,0,112315.32,0
46.0,Female,9,195094.03,1,1,0,172063.56,0
30.0,Male,4,114498.94,2,0,0,34328.91,1
63.0,Female,9,99501.32,3,0,0,147252.14,0
52.0,Male,0,75728.93,3,1,0,137782.36,0
23.0,Female,8,16423.71,1,1,1,177053.59,1
35.0,Female,0,57058.84,2,0,1,63946.56,1
68.0,Male,7,61650.91,3,0,1,101019.77,1
22.0,Female,8,121019.27,3,0,0,186648.93,0
64.0,Male,8,186861.1,2,0,0,138798.82,1
42.0,Male,0,118452.46,2,0,0,89978.31,0
19.0,Male,1,14461.11,3,1,0,43654.23,1
27.0,Female,0,239447.45,3,0,1,67247.3,1
47.0,Female,9,235681.08,1,1,0,124618.79,1
67.0,Male,1,196297.39,1,1,1,149270.23,0
62.0,Male,9,247831.98,3,0,0,42395.94,0
22.0,Female,7,136120.58,1,0,1,127927.51,0
50.0,Male,4,240692.09,3,1,0,119063.23,0
18.0,Male,6,18901.26,3,0,1,112511.98,0
35.0,Female,1,91420.19,1,1,0,144222.16,0
49.0,Male,7,56345.32,1,0,1,170740.93,0
64.0,Female,5,48958.27,2,0,0,78138.14,0
66.0,Male,7,35200.74,2,0,1,180022.19,0
28.0,Female,0,155603.41,2,1,1,48914.05,1
38.0,Male,0,195330.46,3,0,0,51144.3,1
43.0,Male,6,144574.6,1,1,1,68018.97,0
42.0,Female,7,36740.68,3,0,0,41515.56,0
39.0,Male,2,202780.94,1,1,0,61457.46,0
44.0,Female,4,158988.68,3,0,0,39154.12,0
66.0,Male,0,97041.43,2,1,1,167915.44,1
30.0,Female,6,168532.57,2,1,1,45014.42,1
50.0,Female,4,64976.24,2,1,0,154513.56,0
51.0,Female,7,86298.05,3,1,0,28624.5,1
58.0,Female,7,229371.46,1,1,1,190733.66,1
52.0,Male,8,72626.13,1,1,1,148008.82,0
18.0,Male,6,117497.07,2,0,1,21223.38,0
38.0,Female,0,222535.28,2,1,0,157494.17,0
65.0,Female,2,176930.34,2,1,0,112534.75,0
23.0,Female,7,15550.81,2,1,0,160285.73,1
45.0,Male,2,36825.76,1,0,0,114049.43,0
34.0,Male,7,1960.4,3,0,0,135384.47,1
22.0,Male,0,157730.45,3,0,1,161539.7,0
48.0,Male,4,111918.36,3,1,0,92919.45,1
22.0,Female,3,33568.71,3,0,1,20487.47,0
55.0,Female,4,,2,0,1,172990.37,0
20.0,Female,7,132414.93,2,1,0,88560.27,1
40.0,Male,9,60473.32,2,1,1,109287.69,1
54.0,Male,3,125150.89,3,0,0,21398.0,1
54.0,Male,3,169905.08,2,1,1,108576.56,0
27.0,Female,2,19059.8,2,1,0,197567.73,1
27.0,Female,6,68675.95,1,1,0,70088.18,1
36.0,Male,2,201741.37,1,1,1,91175.29,1
34.0,Female,2,114916.22,2,0,0,143694.2,1
38.0,Male,9,136644.29,1,1,1,166662.86,1
31.0,Male,4,108204.0,1,0,0,95130.49,1
26.0,Female,4,10974.99,2,0,0,75740.4,1
63.0,Male,5,41437.44,2,0,0,188808.64,1
18.0,Female,7,111385.41,2,0,1,141886.09,1
68.0,Male,9,52296.37,2,1,1,41423.83,0
62.0,Female,5,12494.76,3,1,0,32407.02,0
30.0,Female,0,210912.42,3,1,1,107038.97,1
21.0,Female,7,245298.13,2,0,0,59616.21,0
18.0,Male,7,198285.72,1,0,1,65717.26,0
66.0,Male,8,213446.23,2,0,1,177984.59,1
57.0,Female,8,60494.28,2,1,0,36121.88,1
49.0,Female,1,240156.74,1,0,0,148765.54,1
51.0,Male,1,49231.43,3,1,0,68805.61,1
45.0,Male,2,237857.45,2,1,0,156859.08,1
48.0,Male,0,248704.82,2,1,0,150034.05,1
25.0,Female,3,177930.7,3,1,1,21330.54,0
56.0,Male,3,245285.93,3,0,1,111644.37,1
43.0,Male,8,142384.94,1,1,0,45077.51,0
51.0,Female,8,64885.45,3,0,0,175920.87,1
20.0,Male,8,109248.97,3,1,0,176885.46,1
67.0,Male,9,148390.23,3,0,1,95302.25,0
,Male,6,18270.39,1,0,0,99991.21,1
18.0,Female,1,155585.82,3,1,0,74590.93,1
61.0,Female,9,245294.46,3,1,1,148989.13,0
22.0,Female,4,47526.91,1,1,1,84559.05,1
47.0,Female,3,198148.78,3,0,1,68202.65,0
47.0,Female,7,,3,1,1,97801.59,1
34.0,Female,1,235925.4,1,1,0,36467.75,1
65.0,Female,5,240033.9,2,0,1,154388.58,0
64.0,Male,4,130364.91,1,1,1,22267.35,1
40.0,Male,1,244326.98,3,0,0,136007.31,0
32.0,Female,9,189327.55,3,1,0,52915.61,0
,Male,0,40417.86,3,0,0,61832.73,0
38.0,Male,7,119225.03,1,0,1,134413.76,1
31.0,Female,1,179582.79,3,1,0,198729.82,1
19.0,Male,6,61835.08,3,0,1,159989.15,0
28.0,Male,8,160153.8,1,1,1,60651.13,1
68.0,Male,8,166650.12,2,1,1,51684.46,1
,Male,7,40674.94,2,0,0,175921.92,1
55.0,Male,9,141271.33,3,1,1,99953.11,0
51.0,Female,8,192906.73,1,0,0,44669.5,1
55.0,Female,1,124723.92,3,0,0,175198.06,0
67.0,Female,5,3025.78,1,0,0,166896.62,1
51.0,Male,3,2259.62,1,0,1,197103.15,1
35.0,Female,3,89257.34,2,0,1,183753.86,0
47.0,Male,4,231548.52,2,0,1,173322.26,1
32.0,Male,2,57169.19,1,0,0,29463.39,0
44.0,Male,0,158590.92,3,0,1,38794.77,1
68.0,Male,7,55518.97,2,1,1,122416.97,0
51.0,Female,4,80417.5,3,1,1,115666.26,1
69.0,Female,2,212010.52,2,0,1,102433.38,1
55.0,Male,9,182215.36,2,1,1,91422.08,1
50.0,Female,6,23849.82,3,1,0,97617.89,0
41.0,Male,6,107175.51,2,1,0,122473.63,0
32.0,Female,0,,2,1,0,20373.77,0
47.0,Female,8,,3,1,0,66927.58,1
59.0,Male,1,165608.5,2,1,1,113290.35,0
68.0,Female,4,29625.66,2,0,0,149998.9,0
34.0,Male,4,72221.23,2,1,1,51348.2,0
22.0,Female,7,99459.16,3,1,0,118438.61,0
46.0,Male,7,229882.76,1,1,0,148602.74,0
21.0,Male,6,248313.75,3,1,0,100032.98,0
27.0,Female,6,11227.82,1,0,1,24874.6,0
34.0,Female,5,190251.98,2,0,1,100868.27,0
27.0,Male,5,92931.02,1,0,0,73360.08,0
34.0,Female,8,98114.55,3,0,1,187336.93,0
37.0,Female,5,188566.24,3,1,0,42430.41,1
41.0,Male,1,229606.61,2,0,0,137445.67,1
22.0,Male,1,237732.15,1,0,0,29489.56,0
51.0,Female,4,144280.65,2,0,1,100310.68,1
23.0,Male,3,89280.29,2,0,0,119716.31,1
19.0,Male,1,196887.27,3,1,0,73631.89,0
30.0,Male,2,62750.35,1,0,0,101913.61,0
60.0,Female,6,141018.51,1,1,1,49439.68,0
60.0,Female,7,89644.62,1,0,0,74742.29,1
65.0,Male,5,164157.77,1,1,1,131799.14,0
28.0,Female,4,60099.73,2,1,0,74324.01,1
68.0,Male,0,47898.24,2,0,1,181953.75,0
64.0,Female,7,229559.77,3,0,0,133113.25,1
40.0,Male,2,25450.92,2,0,0,98956.82,1
33.0,Male,5,126489.48,2,0,1,26976.25,0
48.0,Female,2,55213.2,3,1,1,109918.7,0
28.0,Male,6,9732.49,3,1,0,157659.72,1
33.0,Female,6,9004.7,3,0,1,67800.37,1
25.0,Female,8,43805.44,2,0,0,165219.24,0
21.0,Male,4,216692.59,2,1,0,65325.22,0
57.0,Male,7,70619.69,3,0,0,168274.35,1
21.0,Female,9,237614.79,3,1,1,35348.3,0
42.0,Male,9,145405.57,3,0,0,175913.07,1
20.0,Male,7,109153.55,2,1,1,109853.56,0
49.0,Male,0,,2,1,0,73376.77,0
20.0,Male,4,129174.6,1,1,1,67720.39,0
44.0,Male,2,189694.06,2,1,1,97761.9,1
46.0,Female,0,70624.02,2,1,0,199828.91,0
49.0,Female,3,88262.6,2,0,1,59658.93,1
67.0,Male,7,223523.58,3,1,0,38579.0,0
68.0,Male,2,236614.13,2,0,0,125306.33,1
36.0,Male,9,223139.56,3,1,0,107937.64,1
38.0,Female,1,104862.0,1,1,0,114355.33,0
22.0,Male,8,195091.38,1,0,0,140048.38,1
35.0,Female,9,119083.93,3,0,1,68085.93,1
45.0,Female,4,124384.96,3,0,0,183919.7,1
59.0,Female,6,51170.03,3,0,1,98420.97,1
39.0,Male,1,147782.58,2,1,1,43235.52,0
38.0,Female,8,46533.97,1,0,0,153613.78,0
23.0,Male,8,82891.17,3,1,1,135758.78,0
18.0,Female,3,213757.55,2,0,0,76833.81,1
22.0,Male,3,51768.95,1,0,1,131873.37,1
58.0,Female,5,17789.57,2,1,1,59575.15,0
29.0,Male,9,17251.9,1,1,1,100071.08,0
43.0,Female,9,235196.13,2,0,0,181894.25,1
63.0,Male,9,126730.11,1,1,1,44036.16,0
51.0,Male,5,102353.02,1,1,0,89605.36,0
66.0,Male,0,202719.65,2,1,1,167805.64,1
31.0,Male,8,208956.48,3,1,1,194508.36,0
43.0,Female,1,83047.76,1,1,1,101706.7,1
62.0,Female,4,173404.51,3,1,1,111259.93,0
44.0,Male,8,192780.7,2,1,0,122990.95,1
26.0,Female,3,163662.67,3,1,0,187822.67,1
43.0,Male,2,37898.77,3,0,1,174477.22,1
64.0,Male,6,218970.77,3,1,1,50708.2,1
39.0,Female,5,134773.64,3,0,0,98616.41,1
64.0,Male,7,70618.11,3,1,0,103520.08,0
47.0,Male,2,106307.05,1,1,0,162037.3,0
60.0,Female,4,9392.77,1,1,0,128520.72,0
65.0,Male,9,31966.7,1,1,1,137759.68,1
34.0,Male,3,191386.69,2,0,1,199675.98,0
43.0,Male,3,2.91,3,0,0,33492.81,1
53.0,Male,3,104141.46,1,1,0,60141.77,1
18.0,Female,9,130627.55,2,0,0,93421.27,0
25.0,Female,7,13658.61,1,1,0,82600.83,1
66.0,Female,5,243269.54,1,1,0,23896.2,0
52.0,Male,2,56531.33,3,0,0,36519.97,1
69.0,Male,9,76049.68,2,0,1,142571.59,1
32.0,Female,4,75985.63,3,1,1,178278.4,0
64.0,Male,5,57604.17,3,1,1,112560.86,1
39.0,Male,4,368.46,1,0,0,117054.39,0
31.0,Male,5,182336.2,3,1,0,65916.82,1
43.0,Male,7,241711.37,2,0,0,158217.75,0
45.0,Female,6,56073.37,3,1,1,155323.03,1
40.0,Female,4,165761.8,3,1,0,125905.82,0
31.0,Female,9,185474.08,3,0,0,58279.57,0
41.0,Male,5,212106.34,1,0,1,37463.28,1
19.0,Female,3,105657.3,2,0,0,31562.94,0
62.0,Female,8,75732.73,1,1,1,126685.29,1
43.0,Male,3,81323.78,1,1,1,168506.36,1
31.0,Male,0,178155.33,1,1,0,174499.48,0
68.0,Female,6,204194.87,1,1,1,103451.97,0
24.0,Female,6,45403.49,1,0,0,161168.83,0
20.0,Female,3,92735.25,2,1,1,190438.44,0
64.0,Female,2,225485.05,3,1,0,69530.62,0
40.0,Male,7,201673.38,1,1,1,91632.86,1
63.0,Female,4,246214.6,1,0,0,187666.22,0
60.0,Female,9,188562.06,2,1,1,80881.57,1
64.0,Male,6,98298.8,2,1,1,184497.73,0
62.0,Female,3,147659.46,3,0,1,196588.08,0
35.0,Male,3,165253.56,2,1,0,139125.93,0
55.0,Male,7,19613.95,3,1,0,167040.25,1
